1375488,12.475.369/1254-05,88,BA,Aurora,Dominic,7925 Sed St.,12355290-5923
1375499,12.475.369/1254-05,209,Ceara,Eros LLP,Slade,"P.O. Box 267, 8236 Ac Avenue",34759192-3965
8732101,12.475.369/1254-05,204,Pernambuco,Jardim Sao Paulo,Caruaru,Ap #970-116 Non St.,33475142-2859
1375494,12.475.369/1254-06,156,Bahia,Egestas Nunc Consulting,Madeline,"P.O. Box 399, 3876 Nisi. St.",34667568-6866
1375495,12.475.369/1254-06,26,PA,Mattis Cras Eget Inc.,Keiko,"P.O. Box 432, 2843 Donec Road",78755329-9199
1375499,12.475.369/1254-06,36,SP,Natoque Penatibus Et Industries,Chancellor,607-8074 Justo Rd.,98595182-2032
1375500,12.475.369/1254-06,197,SC,Mollis Integer Corp.,Zelda,"P.O. Box 892, 5869 Odio Rd.",90314700-6422
1375489,12.475.369/1254-07,198,Sao Paulo,Non Enim Incorporated,Elaine,"457-2234 Eget, Rd.",59010869-3676
1375493,12.475.369/1254-07,84,Minas Gerais,Felis Corp.,Carl,"P.O. Box 952, 6738 Arcu. Avenue",91694786-7278
1375490,12.475.369/1254-08,258,Sao Paulo,Aliquet Associates,Scott,"P.O. Box 562, 7942 Bibendum Avenue",54962144-7332
1375496,12.475.369/1254-08,61,GO,Nulla Eu Foundation,Boris,"P.O. Box 121, 7063 Sit Street",05975014-5694
1375491,12.475.369/1254-09,130,Ceara,Eget Limited,Kiayada,2869 Gravida Rd.,70630423-4337
1375497,12.475.369/1254-09,5,BA,Ultrices Ltd,Xaviera,"P.O. Box 658, 1685 Non St.",65431576-2158
1375498,12.475.369/1254-09,299,Sao Paulo,Vel Arcu Eu Corp.,Gail,764-8305 Interdum. Avenue,04575125-3732
1375492,12.475.369/1254-10,122,Sao Paulo,Sagittis Corp.,Ifeoma,"P.O. Box 644, 2552 Non, Street",01975098-3356
